timestamp,commit,branch,benchmark,estimate_ns
2026-03-23T08:26:15Z,38d5f28,main,world/spawn_entity,4.9469
2026-03-23T08:26:15Z,38d5f28,main,world/spawn_despawn,5.2884
2026-03-23T08:26:15Z,38d5f28,main,world/insert_component,50.156
2026-03-23T08:26:15Z,38d5f28,main,world/get_component,33.321
2026-03-23T08:26:15Z,38d5f28,main,world/spawn_100_entities,11302.0000
2026-03-23T08:26:15Z,38d5f28,main,scene/load_10_entities,23396.0000
2026-03-23T08:26:15Z,38d5f28,main,scene/load_100_entities,229360.0000
2026-03-23T08:26:15Z,38d5f28,main,scene/spawn_10_entities,1940.7000
2026-03-23T08:26:15Z,38d5f28,main,scene/spawn_100_entities,22353.0000
2026-03-23T08:26:15Z,38d5f28,main,input/process_key_event,56.079
2026-03-23T08:26:15Z,38d5f28,main,input/query_key_state,27.378
2026-03-23T08:26:15Z,38d5f28,main,input/clear_frame,1.9462
2026-03-23T08:26:15Z,38d5f28,main,render/camera_view_projection,30.002
2026-03-23T08:26:15Z,38d5f28,main,render/null_renderer_frame,10.301
2026-03-23T08:26:15Z,38d5f28,main,clock/tick,0.7696
2026-03-23T08:26:15Z,38d5f28,main,clock/consume_fixed,1.7513
2026-03-23T08:26:15Z,38d5f28,main,events/publish_100,4171.1000
2026-03-23T08:26:15Z,38d5f28,main,events/publish_drain_100,4392.8000
2026-03-23T08:36:13Z,38d5f28,main,world/spawn_entity,4.8602
2026-03-23T08:36:13Z,38d5f28,main,world/spawn_despawn,5.8639
2026-03-23T08:36:13Z,38d5f28,main,world/insert_component,74.482
2026-03-23T08:36:13Z,38d5f28,main,world/get_component,49.996
2026-03-23T08:36:13Z,38d5f28,main,world/has_component,43.074
2026-03-23T08:36:13Z,38d5f28,main,world/remove_component,92.341
2026-03-23T08:36:13Z,38d5f28,main,world/entity_count,0.2903
2026-03-23T08:36:13Z,38d5f28,main,world/spawn_100_entities,10479.0000
2026-03-23T08:36:13Z,38d5f28,main,world/despawn_with_components,11552.0000
2026-03-23T08:36:13Z,38d5f28,main,world/iterate_components,38921.0000
2026-03-23T08:36:13Z,38d5f28,main,scene/load_10_entities,25037.0000
2026-03-23T08:36:13Z,38d5f28,main,scene/load_100_entities,246650.0000
2026-03-23T08:36:13Z,38d5f28,main,scene/spawn_10_entities,1959.8000
2026-03-23T08:36:13Z,38d5f28,main,scene/spawn_100_entities,23539.0000
2026-03-23T08:36:13Z,38d5f28,main,scene/scene_serialize,264080.0000
2026-03-23T08:36:13Z,38d5f28,main,input/process_key_event,61.779
2026-03-23T08:36:13Z,38d5f28,main,input/query_key_state,27.230
2026-03-23T08:36:13Z,38d5f28,main,input/clear_frame,3.1509
2026-03-23T08:36:13Z,38d5f28,main,input/process_10_keys,721.46
2026-03-23T08:36:13Z,38d5f28,main,input/mouse_button_edge,95.478
2026-03-23T08:36:13Z,38d5f28,main,render/camera_view_projection,29.568
2026-03-23T08:36:13Z,38d5f28,main,render/null_renderer_frame,10.640
2026-03-23T08:36:13Z,38d5f28,main,render/null_renderer_10_commands,75.716
2026-03-23T08:36:13Z,38d5f28,main,clock/tick,0.7836
2026-03-23T08:36:13Z,38d5f28,main,clock/consume_fixed,1.8188
2026-03-23T08:36:13Z,38d5f28,main,events/publish_100,4397.2000
2026-03-23T08:36:13Z,38d5f28,main,events/publish_drain_100,4176.0000
2026-03-23T08:36:13Z,38d5f28,main,events/multi_type_publish_drain,4570.7000
2026-03-23T08:36:13Z,38d5f28,main,game_loop/tick_10_entities,31.362
2026-03-23T08:49:17Z,df1efa5,main,world/spawn_entity,4.6967
2026-03-23T08:49:17Z,df1efa5,main,world/spawn_despawn,5.3931
2026-03-23T08:49:17Z,df1efa5,main,world/insert_component,31.061
2026-03-23T08:49:17Z,df1efa5,main,world/get_component,14.108
2026-03-23T08:49:17Z,df1efa5,main,world/has_component,11.841
2026-03-23T08:49:17Z,df1efa5,main,world/remove_component,48.764
2026-03-23T08:49:17Z,df1efa5,main,world/entity_count,0.2435
2026-03-23T08:49:17Z,df1efa5,main,world/spawn_100_entities,5167.4000
2026-03-23T08:49:17Z,df1efa5,main,world/despawn_with_components,4664.5000
2026-03-23T08:49:17Z,df1efa5,main,world/iterate_components,3461.8000
2026-03-23T08:49:17Z,df1efa5,main,scene/load_10_entities,21627.0000
2026-03-23T08:49:17Z,df1efa5,main,scene/load_100_entities,221220.0000
2026-03-23T08:49:17Z,df1efa5,main,scene/spawn_10_entities,1241.5000
2026-03-23T08:49:17Z,df1efa5,main,scene/spawn_100_entities,13365.0000
2026-03-23T08:49:17Z,df1efa5,main,scene/scene_serialize,230440.0000
2026-03-23T08:49:17Z,df1efa5,main,input/process_key_event,52.490
2026-03-23T08:49:17Z,df1efa5,main,input/query_key_state,24.178
2026-03-23T08:49:17Z,df1efa5,main,input/clear_frame,2.4858
2026-03-23T08:49:17Z,df1efa5,main,input/process_10_keys,603.89
2026-03-23T08:49:17Z,df1efa5,main,input/mouse_button_edge,84.586
2026-03-23T08:49:17Z,df1efa5,main,render/camera_view_projection,27.306
2026-03-23T08:49:17Z,df1efa5,main,render/null_renderer_frame,9.9637
2026-03-23T08:49:17Z,df1efa5,main,render/null_renderer_10_commands,71.286
2026-03-23T08:49:17Z,df1efa5,main,clock/tick,0.7304
2026-03-23T08:49:17Z,df1efa5,main,clock/consume_fixed,1.7323
2026-03-23T08:49:17Z,df1efa5,main,events/publish_100,3781.1000
2026-03-23T08:49:17Z,df1efa5,main,events/publish_drain_100,3751.5000
2026-03-23T08:49:17Z,df1efa5,main,events/multi_type_publish_drain,4057.5000
2026-03-23T08:49:17Z,df1efa5,main,game_loop/tick_10_entities,27.211
2026-03-23T09:11:51Z,6edfac0,main,world/spawn_entity,5.3541
2026-03-23T09:11:51Z,6edfac0,main,world/spawn_despawn,6.4987
2026-03-23T09:11:51Z,6edfac0,main,world/insert_component,35.700
2026-03-23T09:11:51Z,6edfac0,main,world/get_component,16.716
2026-03-23T09:11:51Z,6edfac0,main,world/has_component,13.677
2026-03-23T09:11:51Z,6edfac0,main,world/remove_component,56.249
2026-03-23T09:11:51Z,6edfac0,main,world/entity_count,0.2789
2026-03-23T09:11:51Z,6edfac0,main,world/spawn_100_entities,5477.7000
2026-03-23T09:11:51Z,6edfac0,main,world/despawn_with_components,5074.0000
2026-03-23T09:11:51Z,6edfac0,main,world/iterate_components,13168.0000
2026-03-23T09:11:51Z,6edfac0,main,scene/load_10_entities,21894.0000
2026-03-23T09:11:51Z,6edfac0,main,scene/load_100_entities,218180.0000
2026-03-23T09:11:51Z,6edfac0,main,scene/spawn_10_entities,1305.9000
2026-03-23T09:11:51Z,6edfac0,main,scene/spawn_100_entities,13753.0000
2026-03-23T09:11:51Z,6edfac0,main,scene/scene_serialize,264440.0000
2026-03-23T09:11:51Z,6edfac0,main,input/process_key_event,50.799
2026-03-23T09:11:51Z,6edfac0,main,input/query_key_state,23.193
2026-03-23T09:11:51Z,6edfac0,main,input/clear_frame,2.4225
2026-03-23T09:11:51Z,6edfac0,main,input/process_10_keys,597.26
2026-03-23T09:11:51Z,6edfac0,main,input/mouse_button_edge,83.762
2026-03-23T09:11:51Z,6edfac0,main,render/camera_view_projection,26.552
2026-03-23T09:11:51Z,6edfac0,main,render/null_renderer_frame,9.2805
2026-03-23T09:11:51Z,6edfac0,main,render/null_renderer_10_commands,67.821
2026-03-23T09:11:51Z,6edfac0,main,clock/tick,0.7152
2026-03-23T09:11:51Z,6edfac0,main,clock/consume_fixed,1.6458
2026-03-23T09:11:51Z,6edfac0,main,events/publish_100,3843.6000
2026-03-23T09:11:51Z,6edfac0,main,events/publish_drain_100,3853.8000
2026-03-23T09:11:51Z,6edfac0,main,events/multi_type_publish_drain,4134.0000
2026-03-23T09:11:51Z,6edfac0,main,game_loop/tick_10_entities,27.287
2026-03-23T09:23:57Z,6edfac0,main,world/spawn_entity,4.7115
2026-03-23T09:23:57Z,6edfac0,main,world/spawn_despawn,5.4027
2026-03-23T09:23:57Z,6edfac0,main,world/insert_component,30.722
2026-03-23T09:23:57Z,6edfac0,main,world/get_component,14.520
2026-03-23T09:23:57Z,6edfac0,main,world/has_component,11.945
2026-03-23T09:23:57Z,6edfac0,main,world/remove_component,51.302
2026-03-23T09:23:57Z,6edfac0,main,world/entity_count,0.2604
2026-03-23T09:23:57Z,6edfac0,main,world/spawn_100_entities,5309.2000
2026-03-23T09:23:57Z,6edfac0,main,world/despawn_with_components,4874.8000
2026-03-23T09:23:57Z,6edfac0,main,world/iterate_components,13535.0000
2026-03-23T09:23:57Z,6edfac0,main,scene/load_10_entities,23161.0000
2026-03-23T09:23:57Z,6edfac0,main,scene/load_100_entities,234480.0000
2026-03-23T09:23:57Z,6edfac0,main,scene/spawn_10_entities,1361.2000
2026-03-23T09:23:57Z,6edfac0,main,scene/spawn_100_entities,15480.0000
2026-03-23T09:23:57Z,6edfac0,main,scene/scene_serialize,196720.0000
2026-03-23T09:23:57Z,6edfac0,main,input/process_key_event,56.232
2026-03-23T09:23:57Z,6edfac0,main,input/query_key_state,27.283
2026-03-23T09:23:57Z,6edfac0,main,input/clear_frame,2.4472
2026-03-23T09:23:57Z,6edfac0,main,input/process_10_keys,613.87
2026-03-23T09:23:57Z,6edfac0,main,input/mouse_button_edge,87.028
2026-03-23T09:23:57Z,6edfac0,main,render/camera_view_projection,27.820
2026-03-23T09:23:57Z,6edfac0,main,render/null_renderer_frame,10.092
2026-03-23T09:23:57Z,6edfac0,main,render/orbit_controller_apply,1.1786
2026-03-23T09:23:57Z,6edfac0,main,render/fly_controller_move,14.953
2026-03-23T09:23:57Z,6edfac0,main,render/follow_controller,3.7645
2026-03-23T09:23:57Z,6edfac0,main,render/null_renderer_10_commands,75.944
2026-03-23T09:23:57Z,6edfac0,main,clock/tick,0.7486
2026-03-23T09:23:57Z,6edfac0,main,clock/consume_fixed,1.7227
2026-03-23T09:23:57Z,6edfac0,main,events/publish_100,3932.4000
2026-03-23T09:23:57Z,6edfac0,main,events/publish_drain_100,4006.8000
2026-03-23T09:23:57Z,6edfac0,main,events/multi_type_publish_drain,4316.7000
2026-03-23T09:23:57Z,6edfac0,main,game_loop/tick_10_entities,28.672
2026-03-23T09:23:57Z,6edfac0,main,scheduler/run_4_systems,6.8797
2026-03-23T09:23:57Z,6edfac0,main,scheduler/run_10_systems,15.335
2026-03-23T09:23:57Z,6edfac0,main,hierarchy/spawn_10_with_children,4213.5000
2026-03-23T09:52:43Z,6edfac0,main,world/spawn_entity,4.7043
2026-03-23T09:52:43Z,6edfac0,main,world/spawn_despawn,5.2799
2026-03-23T09:52:43Z,6edfac0,main,world/insert_component,30.749
2026-03-23T09:52:43Z,6edfac0,main,world/get_component,14.810
2026-03-23T09:52:43Z,6edfac0,main,world/has_component,11.905
2026-03-23T09:52:43Z,6edfac0,main,world/remove_component,48.726
2026-03-23T09:52:43Z,6edfac0,main,world/entity_count,0.2417
2026-03-23T09:52:43Z,6edfac0,main,world/spawn_100_entities,5117.5000
2026-03-23T09:52:43Z,6edfac0,main,world/despawn_with_components,5110.8000
2026-03-23T09:52:43Z,6edfac0,main,world/iterate_components,13561.0000
2026-03-23T09:52:43Z,6edfac0,main,scene/load_10_entities,23049.0000
2026-03-23T09:52:43Z,6edfac0,main,scene/load_100_entities,226170.0000
2026-03-23T09:52:43Z,6edfac0,main,scene/spawn_10_entities,1377.3000
2026-03-23T09:52:43Z,6edfac0,main,scene/spawn_100_entities,16292.0000
2026-03-23T09:52:43Z,6edfac0,main,scene/scene_serialize,183150.0000
2026-03-23T09:52:43Z,6edfac0,main,input/process_key_event,52.522
2026-03-23T09:52:43Z,6edfac0,main,input/query_key_state,23.881
2026-03-23T09:52:43Z,6edfac0,main,input/clear_frame,2.4589
2026-03-23T09:52:43Z,6edfac0,main,input/process_10_keys,601.75
2026-03-23T09:52:43Z,6edfac0,main,input/mouse_button_edge,87.241
2026-03-23T09:52:43Z,6edfac0,main,render/camera_view_projection,28.411
2026-03-23T09:52:43Z,6edfac0,main,render/null_renderer_frame,9.5565
2026-03-23T09:52:43Z,6edfac0,main,render/orbit_controller_apply,1.1905
2026-03-23T09:52:43Z,6edfac0,main,render/fly_controller_move,15.439
2026-03-23T09:52:43Z,6edfac0,main,render/follow_controller,3.8313
2026-03-23T09:52:43Z,6edfac0,main,render/null_renderer_10_commands,70.234
2026-03-23T09:52:43Z,6edfac0,main,clock/tick,0.7550
2026-03-23T09:52:43Z,6edfac0,main,clock/consume_fixed,1.7476
2026-03-23T09:52:43Z,6edfac0,main,events/publish_100,4254.6000
2026-03-23T09:52:43Z,6edfac0,main,events/publish_drain_100,4438.2000
2026-03-23T09:52:43Z,6edfac0,main,events/multi_type_publish_drain,4482.5000
2026-03-23T09:52:43Z,6edfac0,main,game_loop/tick_10_entities,28.433
2026-03-23T09:52:43Z,6edfac0,main,scheduler/run_4_systems,7.6120
2026-03-23T09:52:43Z,6edfac0,main,scheduler/run_10_systems,16.621
2026-03-23T09:52:43Z,6edfac0,main,hierarchy/spawn_10_with_children,4003.6000
2026-03-23T10:03:20Z,6edfac0,main,world/spawn_entity,5.0157
2026-03-23T10:03:20Z,6edfac0,main,world/spawn_despawn,5.8694
2026-03-23T10:03:20Z,6edfac0,main,world/insert_component,33.094
2026-03-23T10:03:20Z,6edfac0,main,world/get_component,15.331
2026-03-23T10:03:20Z,6edfac0,main,world/has_component,12.675
2026-03-23T10:03:20Z,6edfac0,main,world/remove_component,52.122
2026-03-23T10:03:20Z,6edfac0,main,world/entity_count,0.2560
2026-03-23T10:03:20Z,6edfac0,main,world/spawn_100_entities,5402.2000
2026-03-23T10:03:20Z,6edfac0,main,world/despawn_with_components,4945.9000
2026-03-23T10:03:20Z,6edfac0,main,world/iterate_components,14688.0000
2026-03-23T10:03:20Z,6edfac0,main,scene/load_10_entities,23098.0000
2026-03-23T10:03:20Z,6edfac0,main,scene/load_100_entities,237740.0000
2026-03-23T10:03:20Z,6edfac0,main,scene/spawn_10_entities,1344.9000
2026-03-23T10:03:20Z,6edfac0,main,scene/spawn_100_entities,14692.0000
2026-03-23T10:03:20Z,6edfac0,main,scene/scene_serialize,195110.0000
2026-03-23T10:03:20Z,6edfac0,main,input/process_key_event,57.202
2026-03-23T10:03:20Z,6edfac0,main,input/query_key_state,26.387
2026-03-23T10:03:20Z,6edfac0,main,input/clear_frame,2.4764
2026-03-23T10:03:20Z,6edfac0,main,input/process_10_keys,598.51
2026-03-23T10:03:20Z,6edfac0,main,input/mouse_button_edge,86.127
2026-03-23T10:03:20Z,6edfac0,main,render/camera_view_projection,26.811
2026-03-23T10:03:20Z,6edfac0,main,render/null_renderer_frame,9.5623
2026-03-23T10:03:20Z,6edfac0,main,render/orbit_controller_apply,0.9431
2026-03-23T10:03:20Z,6edfac0,main,render/fly_controller_move,14.262
2026-03-23T10:03:20Z,6edfac0,main,render/follow_controller,3.6344
2026-03-23T10:03:20Z,6edfac0,main,render/null_renderer_10_commands,70.372
2026-03-23T10:03:20Z,6edfac0,main,clock/tick,0.7186
2026-03-23T10:03:20Z,6edfac0,main,clock/consume_fixed,1.6447
2026-03-23T10:03:20Z,6edfac0,main,events/publish_100,3873.8000
2026-03-23T10:03:20Z,6edfac0,main,events/publish_drain_100,3844.0000
2026-03-23T10:03:20Z,6edfac0,main,events/multi_type_publish_drain,4099.6000
2026-03-23T10:03:20Z,6edfac0,main,game_loop/tick_10_entities,27.481
2026-03-23T10:03:20Z,6edfac0,main,scheduler/run_4_systems,7.8572
2026-03-23T10:03:20Z,6edfac0,main,scheduler/run_10_systems,16.070
2026-03-23T10:03:20Z,6edfac0,main,hierarchy/spawn_10_with_children,3771.1000
2026-03-23T10:26:04Z,191b65b,main,world/spawn_entity,4.9396
2026-03-23T10:26:04Z,191b65b,main,world/spawn_despawn,5.5331
2026-03-23T10:26:04Z,191b65b,main,world/insert_component,31.556
2026-03-23T10:26:04Z,191b65b,main,world/get_component,15.352
2026-03-23T10:26:04Z,191b65b,main,world/has_component,12.937
2026-03-23T10:26:04Z,191b65b,main,world/remove_component,52.758
2026-03-23T10:26:04Z,191b65b,main,world/entity_count,0.2617
2026-03-23T10:26:04Z,191b65b,main,world/spawn_100_entities,5228.5000
2026-03-23T10:26:04Z,191b65b,main,world/despawn_with_components,4813.7000
2026-03-23T10:26:04Z,191b65b,main,world/iterate_components,13515.0000
2026-03-23T10:26:04Z,191b65b,main,scene/load_10_entities,22663.0000
2026-03-23T10:26:04Z,191b65b,main,scene/load_100_entities,223870.0000
2026-03-23T10:26:04Z,191b65b,main,scene/spawn_10_entities,1299.5000
2026-03-23T10:26:04Z,191b65b,main,scene/spawn_100_entities,14528.0000
2026-03-23T10:26:04Z,191b65b,main,scene/scene_serialize,192350.0000
2026-03-23T10:26:04Z,191b65b,main,input/process_key_event,56.050
2026-03-23T10:26:04Z,191b65b,main,input/query_key_state,25.698
2026-03-23T10:26:04Z,191b65b,main,input/clear_frame,2.9629
2026-03-23T10:26:04Z,191b65b,main,input/process_10_keys,623.65
2026-03-23T10:26:04Z,191b65b,main,input/mouse_button_edge,87.984
2026-03-23T10:26:04Z,191b65b,main,render/camera_view_projection,27.710
2026-03-23T10:26:04Z,191b65b,main,render/null_renderer_frame,10.043
2026-03-23T10:26:04Z,191b65b,main,render/orbit_controller_apply,0.9825
2026-03-23T10:26:04Z,191b65b,main,render/fly_controller_move,14.912
2026-03-23T10:26:04Z,191b65b,main,render/follow_controller,3.7232
2026-03-23T10:26:04Z,191b65b,main,render/null_renderer_10_commands,73.117
2026-03-23T10:26:04Z,191b65b,main,clock/tick,0.7426
2026-03-23T10:26:04Z,191b65b,main,clock/consume_fixed,1.7154
2026-03-23T10:26:04Z,191b65b,main,events/publish_100,3942.3000
2026-03-23T10:26:04Z,191b65b,main,events/publish_drain_100,4070.6000
2026-03-23T10:26:04Z,191b65b,main,events/multi_type_publish_drain,4398.0000
2026-03-23T10:26:04Z,191b65b,main,game_loop/tick_10_entities,28.271
2026-03-23T10:26:04Z,191b65b,main,scheduler/run_4_systems,6.8811
2026-03-23T10:26:04Z,191b65b,main,scheduler/run_10_systems,15.581
2026-03-23T10:26:04Z,191b65b,main,hierarchy/spawn_10_with_children,4513.6000
2026-03-23T10:34:08Z,191b65b,main,world/spawn_entity,4.6970
2026-03-23T10:34:08Z,191b65b,main,world/spawn_despawn,6.5946
2026-03-23T10:34:08Z,191b65b,main,world/insert_component,34.344
2026-03-23T10:34:08Z,191b65b,main,world/get_component,16.989
2026-03-23T10:34:08Z,191b65b,main,world/has_component,15.019
2026-03-23T10:34:08Z,191b65b,main,world/remove_component,57.264
2026-03-23T10:34:08Z,191b65b,main,world/entity_count,0.2771
2026-03-23T10:34:08Z,191b65b,main,world/spawn_100_entities,5934.2000
2026-03-23T10:34:08Z,191b65b,main,world/despawn_with_components,5333.3000
2026-03-23T10:34:08Z,191b65b,main,world/iterate_components,14299.0000
2026-03-23T10:34:08Z,191b65b,main,scene/load_10_entities,24860.0000
2026-03-23T10:34:08Z,191b65b,main,scene/load_100_entities,237770.0000
2026-03-23T10:34:08Z,191b65b,main,scene/spawn_10_entities,1508.4000
2026-03-23T10:34:08Z,191b65b,main,scene/spawn_100_entities,16154.0000
2026-03-23T10:34:08Z,191b65b,main,scene/scene_serialize,209650.0000
2026-03-23T10:34:08Z,191b65b,main,input/process_key_event,60.021
2026-03-23T10:34:08Z,191b65b,main,input/query_key_state,27.480
2026-03-23T10:34:08Z,191b65b,main,input/clear_frame,2.3635
2026-03-23T10:34:08Z,191b65b,main,input/process_10_keys,637.14
2026-03-23T10:34:08Z,191b65b,main,input/mouse_button_edge,99.316
2026-03-23T10:34:08Z,191b65b,main,render/camera_view_projection,31.510
2026-03-23T10:34:08Z,191b65b,main,render/null_renderer_frame,10.011
2026-03-23T10:34:08Z,191b65b,main,render/orbit_controller_apply,1.0205
2026-03-23T10:34:08Z,191b65b,main,render/fly_controller_move,15.908
2026-03-23T10:34:08Z,191b65b,main,render/follow_controller,4.0389
2026-03-23T10:34:08Z,191b65b,main,render/null_renderer_10_commands,75.356
2026-03-23T10:34:08Z,191b65b,main,clock/tick,0.7803
2026-03-23T10:34:08Z,191b65b,main,clock/consume_fixed,1.8121
2026-03-23T10:34:08Z,191b65b,main,events/publish_100,4255.9000
2026-03-23T10:34:08Z,191b65b,main,events/publish_drain_100,4448.1000
2026-03-23T10:34:08Z,191b65b,main,events/multi_type_publish_drain,4819.7000
2026-03-23T10:34:08Z,191b65b,main,game_loop/tick_10_entities,32.272
2026-03-23T10:34:08Z,191b65b,main,scheduler/run_4_systems,7.8709
2026-03-23T10:34:08Z,191b65b,main,scheduler/run_10_systems,14.692
2026-03-23T10:34:08Z,191b65b,main,hierarchy/spawn_10_with_children,4175.7000
2026-03-23T10:46:29Z,191b65b,main,world/spawn_entity,4.7081
2026-03-23T10:46:29Z,191b65b,main,world/spawn_despawn,5.5788
2026-03-23T10:46:29Z,191b65b,main,world/insert_component,29.923
2026-03-23T10:46:29Z,191b65b,main,world/get_component,14.160
2026-03-23T10:46:29Z,191b65b,main,world/has_component,11.928
2026-03-23T10:46:29Z,191b65b,main,world/remove_component,48.324
2026-03-23T10:46:29Z,191b65b,main,world/entity_count,0.2442
2026-03-23T10:46:29Z,191b65b,main,world/spawn_100_entities,5028.0000
2026-03-23T10:46:29Z,191b65b,main,world/despawn_with_components,4649.8000
2026-03-23T10:46:29Z,191b65b,main,world/iterate_components,13659.0000
2026-03-23T10:46:29Z,191b65b,main,scene/load_10_entities,22757.0000
2026-03-23T10:46:29Z,191b65b,main,scene/load_100_entities,243750.0000
2026-03-23T10:46:29Z,191b65b,main,scene/spawn_10_entities,1349.7000
2026-03-23T10:46:29Z,191b65b,main,scene/spawn_100_entities,14582.0000
2026-03-23T10:46:29Z,191b65b,main,scene/scene_serialize,187240.0000
2026-03-23T10:46:29Z,191b65b,main,input/process_key_event,56.088
2026-03-23T10:46:29Z,191b65b,main,input/query_key_state,25.851
2026-03-23T10:46:29Z,191b65b,main,input/clear_frame,2.8749
2026-03-23T10:46:29Z,191b65b,main,input/process_10_keys,628.85
2026-03-23T10:46:29Z,191b65b,main,input/mouse_button_edge,87.252
2026-03-23T10:46:29Z,191b65b,main,render/camera_view_projection,27.936
2026-03-23T10:46:29Z,191b65b,main,render/null_renderer_frame,9.9057
2026-03-23T10:46:29Z,191b65b,main,render/orbit_controller_apply,1.0439
2026-03-23T10:46:29Z,191b65b,main,render/fly_controller_move,17.697
2026-03-23T10:46:29Z,191b65b,main,render/follow_controller,4.0778
2026-03-23T10:46:29Z,191b65b,main,render/null_renderer_10_commands,74.423
2026-03-23T10:46:29Z,191b65b,main,clock/tick,0.7919
2026-03-23T10:46:29Z,191b65b,main,clock/consume_fixed,1.8284
2026-03-23T10:46:29Z,191b65b,main,events/publish_100,4668.1000
2026-03-23T10:46:29Z,191b65b,main,events/publish_drain_100,4738.6000
2026-03-23T10:46:29Z,191b65b,main,events/multi_type_publish_drain,5085.0000
2026-03-23T10:46:29Z,191b65b,main,game_loop/tick_10_entities,28.800
2026-03-23T10:46:29Z,191b65b,main,scheduler/run_4_systems,7.1273
2026-03-23T10:46:29Z,191b65b,main,scheduler/run_10_systems,15.711
2026-03-23T10:46:29Z,191b65b,main,hierarchy/spawn_10_with_children,3918.4000
2026-03-23T10:46:29Z,191b65b,main,resources/get_resource,13.582
2026-03-23T10:46:29Z,191b65b,main,resources/get_resource_mut,14.481
2026-03-23T10:46:29Z,191b65b,main,reload/diff_update_10,4428.2000
2026-03-23T10:46:29Z,191b65b,main,script/send_100_messages,10363.0000
2026-03-23T10:46:29Z,191b65b,main,script/run_10_scripted_entities,756.68
2026-03-23T17:51:28Z,b75e871,main,world/spawn_entity,4.8370
2026-03-23T17:51:28Z,b75e871,main,world/spawn_despawn,5.6167
2026-03-23T17:51:28Z,b75e871,main,world/insert_component,30.972
2026-03-23T17:51:28Z,b75e871,main,world/get_component,14.638
2026-03-23T17:51:28Z,b75e871,main,world/has_component,14.427
2026-03-23T17:51:28Z,b75e871,main,world/remove_component,55.214
2026-03-23T17:51:28Z,b75e871,main,world/entity_count,0.2788
2026-03-23T17:51:28Z,b75e871,main,world/spawn_100_entities,5782.6000
2026-03-23T17:51:28Z,b75e871,main,world/despawn_with_components,5876.5000
2026-03-23T17:51:28Z,b75e871,main,world/iterate_components,15919.0000
2026-03-23T17:51:28Z,b75e871,main,scene/load_10_entities,24266.0000
2026-03-23T17:51:28Z,b75e871,main,scene/load_100_entities,245400.0000
2026-03-23T17:51:28Z,b75e871,main,scene/spawn_10_entities,1621.6000
2026-03-23T17:51:28Z,b75e871,main,scene/spawn_100_entities,16255.0000
2026-03-23T17:51:28Z,b75e871,main,scene/scene_serialize,209850.0000
2026-03-23T17:51:28Z,b75e871,main,input/process_key_event,53.543
2026-03-23T17:51:28Z,b75e871,main,input/query_key_state,26.908
2026-03-23T17:51:28Z,b75e871,main,input/clear_frame,2.8074
2026-03-23T17:51:28Z,b75e871,main,input/process_10_keys,677.63
2026-03-23T17:51:28Z,b75e871,main,input/mouse_button_edge,104.76
2026-03-23T17:51:28Z,b75e871,main,render/camera_view_projection,32.053
2026-03-23T17:51:28Z,b75e871,main,render/null_renderer_frame,11.046
2026-03-23T17:51:28Z,b75e871,main,render/orbit_controller_apply,1.2531
2026-03-23T17:51:28Z,b75e871,main,render/fly_controller_move,16.150
2026-03-23T17:51:28Z,b75e871,main,render/follow_controller,4.1363
2026-03-23T17:51:28Z,b75e871,main,render/null_renderer_10_commands,74.524
2026-03-23T17:51:28Z,b75e871,main,clock/tick,0.8005
2026-03-23T17:51:28Z,b75e871,main,clock/consume_fixed,1.8190
2026-03-23T17:51:28Z,b75e871,main,events/publish_100,4378.5000
2026-03-23T17:51:28Z,b75e871,main,events/publish_drain_100,4280.5000
2026-03-23T17:51:28Z,b75e871,main,events/multi_type_publish_drain,4920.2000
2026-03-23T17:51:28Z,b75e871,main,game_loop/tick_10_entities,62.812
2026-03-23T17:51:28Z,b75e871,main,scheduler/run_4_systems,8.1344
2026-03-23T17:51:28Z,b75e871,main,scheduler/run_10_systems,17.494
2026-03-23T17:51:28Z,b75e871,main,hierarchy/spawn_10_with_children,4292.7000
2026-03-23T17:51:28Z,b75e871,main,resources/get_resource,15.125
2026-03-23T17:51:28Z,b75e871,main,resources/get_resource_mut,27.573
2026-03-23T17:51:28Z,b75e871,main,reload/diff_update_10,4215.6000
2026-03-23T17:51:28Z,b75e871,main,script/send_100_messages,8475.5000
2026-03-23T17:51:28Z,b75e871,main,script/run_10_scripted_entities,789.19
2026-03-23T18:04:56Z,b75e871,main,world/spawn_entity,5.5185
2026-03-23T18:04:56Z,b75e871,main,world/spawn_despawn,5.4178
2026-03-23T18:04:56Z,b75e871,main,world/insert_component,31.952
2026-03-23T18:04:56Z,b75e871,main,world/get_component,15.450
2026-03-23T18:04:56Z,b75e871,main,world/has_component,12.085
2026-03-23T18:04:56Z,b75e871,main,world/remove_component,48.902
2026-03-23T18:04:56Z,b75e871,main,world/entity_count,0.2571
2026-03-23T18:04:56Z,b75e871,main,world/spawn_100_entities,5191.1000
2026-03-23T18:04:56Z,b75e871,main,world/despawn_with_components,5246.1000
2026-03-23T18:04:56Z,b75e871,main,world/iterate_components,15013.0000
2026-03-23T18:04:56Z,b75e871,main,scene/load_10_entities,23494.0000
2026-03-23T18:04:56Z,b75e871,main,scene/load_100_entities,221400.0000
2026-03-23T18:04:56Z,b75e871,main,scene/spawn_10_entities,1367.0000
2026-03-23T18:04:56Z,b75e871,main,scene/spawn_100_entities,14619.0000
2026-03-23T18:04:56Z,b75e871,main,scene/scene_serialize,183840.0000
2026-03-23T18:04:56Z,b75e871,main,input/process_key_event,54.226
2026-03-23T18:04:56Z,b75e871,main,input/query_key_state,24.520
2026-03-23T18:04:56Z,b75e871,main,input/clear_frame,2.8386
2026-03-23T18:04:56Z,b75e871,main,input/process_10_keys,619.88
2026-03-23T18:04:56Z,b75e871,main,input/mouse_button_edge,86.615
2026-03-23T18:04:56Z,b75e871,main,render/camera_view_projection,28.142
2026-03-23T18:04:56Z,b75e871,main,render/null_renderer_frame,9.7552
2026-03-23T18:04:56Z,b75e871,main,render/orbit_controller_apply,0.9819
2026-03-23T18:04:56Z,b75e871,main,render/fly_controller_move,14.677
2026-03-23T18:04:56Z,b75e871,main,render/follow_controller,3.8590
2026-03-23T18:04:56Z,b75e871,main,render/null_renderer_10_commands,74.489
2026-03-23T18:04:56Z,b75e871,main,clock/tick,0.7630
2026-03-23T18:04:56Z,b75e871,main,clock/consume_fixed,1.7378
2026-03-23T18:04:56Z,b75e871,main,events/publish_100,3886.4000
2026-03-23T18:04:56Z,b75e871,main,events/publish_drain_100,3873.6000
2026-03-23T18:04:56Z,b75e871,main,events/multi_type_publish_drain,4084.4000
2026-03-23T18:04:56Z,b75e871,main,game_loop/tick_10_entities,57.318
2026-03-23T18:04:56Z,b75e871,main,scheduler/run_4_systems,7.7603
2026-03-23T18:04:56Z,b75e871,main,scheduler/run_10_systems,17.142
2026-03-23T18:04:56Z,b75e871,main,hierarchy/spawn_10_with_children,3868.9000
2026-03-23T18:04:56Z,b75e871,main,resources/get_resource,13.680
2026-03-23T18:04:56Z,b75e871,main,resources/get_resource_mut,28.442
2026-03-23T18:04:56Z,b75e871,main,reload/diff_update_10,4342.7000
2026-03-23T18:04:56Z,b75e871,main,script/send_100_messages,8756.4000
2026-03-23T18:04:56Z,b75e871,main,script/run_10_scripted_entities,776.46
